sku,title,description,price,stock,image_link,brand,ean,delivery_time
A202500130B,Rookbuizen - Pelletrookslang - Rookbuizen van roestvrij staal - Gasgrillaccessoires of houtskoolgrills - Gasgrills - Pelletrookboxen voor houtskoolgrills - BBQ-rookbuizen,"<p>Hoogwaardig materiaal</p>
<p>Deze wierookbuis is gemaakt van hoogwaardig roestvrij staal 304, dat roest- en hittebestendig, sterk en duurzaam is en niet snel zal breken of buigen, zelfs niet na herhaaldelijk gebruik. Hij zal niet vervormen of buigen, zelfs niet bij hoge grilltemperaturen - goede ductiliteit en vormbaarheid.</p>
<p>Gebruiksvriendelijk</p>
<p>Doe houtpellets of houtsnippers (zoals appelhout, enz.) in de wierookbuis, steek deze aan met een brander, laat deze ongeveer 3-5 minuten branden, plaats hem vervolgens in de grill en blaas de vlam uit. Haal de wierookbuis eruit en plaats hem op de grill - de laatste stap is het product. Heerlijk gegrild eten.</p>
<p>Verander je grill in een echte rookoven</p>
<p>Onze rookgenerator maakt het rookproces eenvoudig en gemakkelijk te bedienen voor iedereen. Dankzij het kleine formaat en het unieke ontwerp kunnen houtpellets voor rokers worden verbrand om een ​​echte houtsmaak te krijgen zonder dure koude rokers. Onvergetelijke aroma's van warm en koud roken</p>
<p>Deze rookpijp kan worden gebruikt met verschillende houtpellets voor verschillende smaken. Je kunt ze mengen of stapelen. Deze rookpijp is perfect voor warm of koud roken en voegt een heerlijke rooksmaak toe aan diverse gerechten: vlees, kaas, groenten, noten, kip, crackers, hamburgers en hotdogs.</p>
<p>Verras een vriend</p>
<p>Dit is een perfect cadeau voor vrienden en familie om van te genieten tijdens het grillen. Het is de perfecte aanvulling op elke BBQ-smoker of gasgrill. Het is ook een geweldige accessoire voor koud roken op elke grill.</p>",14.99,50,https://publish-cos.mabangerp.com/upload/publish/develop/219988/20250422/2025042216504436706174531184862775800378.png,Merkloos,9318528285856,3-5 werkdagen
A202500131B,Ergonomische grasmaaierhandgreep - Verlengde rugbeschermer - Vervangende onderdelen voor grasmaaiers - Universele grastrimmerhandgreep - Voor grasmaaierhandgrepen in de tuin,"<p>Ergonomisch ontwerp</p>
<p>Onze verlengstukken voor de handgreep van de onkruidtrimmer zijn ergonomisch ontworpen voor maximaal comfort en minder rugpijn. De verbeterde vervangende onderdelen voor de grastrimmer zijn speciaal ontworpen voor een universele pasvorm en geschikt voor alle soorten grastrimmers.</p>
<p>Verbeterde grip</p>
<p>Met de universele handgreep van de grastrimmer hebt u een stevige en veilige grip tijdens het gebruik van uw onkruidtrimmer. De handgreep van de trimmer zorgt voor betere controle en stabiliteit voor efficiënt trimmen en maaien.</p>
<p>Rugbescherming</p>
<p>Zeg vaarwel tegen rugpijn met onze rugbeschermende verlengstuk voor de handgreep van de onkruidtrimmer. Het innovatieve ontwerp zorgt voor een groter bereik zonder te hoeven bukken of hurken tijdens het maaien. Nu kunt u gemakkelijk moeilijk bereikbare plekken bereiken zonder uw rug te belasten.</p>
<p>Hoogwaardige vervangende onderdelen</p>
<p>Onze grasmaaierhandgrepen zijn gemaakt van duurzame materialen en gaan lang mee. De handgrepen en andere vervangende onderdelen van de trimmer zijn robuust en zorgen voor een betrouwbare werking, zelfs onder zware omstandigheden.</p>
<p>Veelzijdig en eenvoudig te installeren</p>
<p>Onze universele verlengstukken voor de handgreep zijn verkrijgbaar voor merken zoals Weed Wacker, Trimmer en meer en zijn compatibel met de meeste modellen. Bovendien is de installatie snel en probleemloos, zodat u direct aan de slag kunt. Upgrade uw trimmerhandvatten met onze hoogwaardige, veelzijdige oplossingen.</p>",22.99,120,https://publish-cos.mabangerp.com/upload/publish/develop/219988/20250422/2025042217360235023174531456585995000524.png,Merkloos,9318528285863,3-5 werkdagen
A202500132B,"6-delige cocktailshakerset van roestvrij staal - Cocktailmixset - 750 ml cocktailshakerset, cocktailshaker van roestvrij staal - Professionele barmanaccessoires - voor thuis, bar en feest","<p>Veelzijdige set</p>
<p>De 6-delige cocktailshakerset bevat: 1 cocktailroerder van 750 ml, 1 schenktuit, 1 ijszeef, 1 barlepel, 1 shaker en 1 muddler. Met deze tools mix je gemakkelijk diverse klassieke of innovatieve cocktails.</p>
<p>Hoge kwaliteit</p>
<p>Deze cocktailshakerset is gemaakt van roestvrij staal van voedingskwaliteit en is veilig en niet-giftig, kras- en deukbestendig, corrosiebestendig en gemakkelijk schoon te maken, terwijl de smaak van de cocktail niet wordt aangetast.</p>
<p>Professionele tools</p>
<p>Dit is een set professionele bartending tools. Of je nu je eigen cocktails wilt maken of een speciaal cadeau wilt geven aan je vrienden en familie, deze sets zijn een goede keuze.</p>
<p>Veelzijdige toepassingen</p>
<p>Deze 6-delige cocktailshakerset biedt je betrouwbare bartending tools waarmee je al je favoriete drankjes kunt mixen, zoals Margarita, Martini, Gin, Brandy, Daiquiri en Mojito.</p>
<p>Een betekenisvol cadeau</p>
<p>De roestvrijstalen cocktailaccessoireset is geschikt voor beginnende cocktailmakers, professionele bartenders en cocktailliefhebbers. Het is een ideaal cadeau voor Kerstmis, Nieuwjaar, verjaardagen, Valentijnsdag, bruiloften, jubilea, feesten en andere gelegenheden.</p>",19.99,250,https://publish-cos.mabangerp.com/upload/publish/develop/219988/20250422/2025042218053455089174531633727854900168.png,Merkloos,9318528285870,3-5 werkdagen
A202500133B,Silicone Seam Tool Kit - Adhesive - Applicator - Smoother - Joint Tool - Remover - Perfect Caulking Results Are Essential - 4/6/10/16mm,"<p>Perfect voor elke klus</p>
<p>Deze siliconenkitset wordt geleverd met 4 verschillende tipgroottes (0,15/0,23/0,39/0,62 inch), zodat u elke kier of scheur kunt aanpakken. Of u nu in een krappe of grotere ruimte werkt, u hebt altijd de juiste kitkit bij de hand om elke keer een nauwkeurige afdichting te creëren, waardoor uw klus gemakkelijker en sneller wordt.</p>
<p>Ergonomisch en comfortabel</p>
<p>Dankzij het ergonomische ontwerp ligt hij perfect in de hand, waardoor stress en vermoeidheid worden verminderd. Of u nu een doe-het-zelver of een professional bent, u kunt langere tijd zonder ongemak werken. Dit maakt kitwerkzaamheden leuker en efficiënter.</p>
<p>Herbruikbaar</p>
<p>Deze kitset is gemaakt van hoogwaardig kunststof en is gebouwd om lang mee te gaan. Hij is gemakkelijk schoon te maken en kan voor vele projecten worden hergebruikt. Spoel hem na gebruik eenvoudig af en u bent klaar voor de volgende klus, wat tijd en geld bespaart en zorgt voor een langdurige betrouwbaarheid.</p>
<p>Professionele afwerking</p>
<p>Met deze kitkit creëert u eenvoudig gladde, nette en gelijkmatige kitlijnen. Of u nu siliconen, cement of andere kit gebruikt, deze kitvinger zorgt voor een schone, professionele afwerking zonder rommelige of ongelijke lijnen.</p>
<p>Veelzijdig</p>
<p>Het perfecte kitgereedschap voor een breed scala aan woningverbeteringen. Of u nu gootstenen, badkuipen, aanrechtbladen, kozijnen of tegelnaden afdicht, het zorgt ervoor dat uw huis netjes, waterdicht en er fantastisch uitziet.</p>",10.99,120,https://publish-cos.mabangerp.com/upload/publish/develop/219988/20250422/2025042218201633939174531722056999700311.png,Merkloos,9318528285887,3-5 werkdagen
A202500134B,"Verwijderbare glasreiniger, 4-in-1 raamreiniger, glaswisser, met doek, sproeier en borstel voor het reinigen van spiegels, glas en autoruiten","<p>3-in-1 wisserset</p>
<p>De ruitenreiniger maakt gebruik van een 4-in-1 systeem dat een borstel, sproeier, reiniger en schraper in één apparaat combineert, wat zorgt voor een efficiënte reinigingsoplossing en een efficiënter reinigingsproces.</p>
<p>Comfortabele handgreep</p>
<p>De ruitenreiniger heeft een ergonomisch gebogen handgreep die zorgt voor een comfortabele, antislip grip en tegelijkertijd handvermoeidheid vermindert. Zo bereikt u met minimale inspanning een maximaal reinigingseffect.</p>
<p>Sproeiflesformaat</p>
<p>De ruitenreiniger voor buiten is uitgerust met een sproeifles van 252 ml, die gemakkelijk mee te nemen is en niet vaak met water hoeft te worden bijgevuld. De sproeier is van hoge kwaliteit en heeft een breed sproeibereik, wat voldoet aan uw dagelijkse reinigingsbehoeften.</p>
<p>Degelijk gemaakt</p>
<p>De glasreiniger is gemaakt van hoogwaardige materialen zoals PP, PE, polyester, aluminium en rubber, is degelijk gemaakt en heeft goede anti-aging eigenschappen. Hij blijft in goede staat, zelfs na langdurig gebruik in vochtige omstandigheden.&nbsp;</p>
<p>Multifunctioneel</p>
<p>De douchewandreiniger verwijdert snel en eenvoudig waterdruppels op vlakke en gladde oppervlakken en is zeer geschikt voor ramen, badkamermuren, badkamertegels, autoruiten, enz.</p>",12.99,120,https://publish-cos.mabangerp.com/upload/publish/develop/219988/20250422/2025042219233438083174532101839072500175.png,Merkloos,9318528285894,3-5 werkdagen
A202500135B,4 stuks Pannendeksel knop - Pot Deksel Knop - Universele - voor Deksel Pannen en Potten Vervangen - Deksel Knop voor Pannendeksel - Reserveknoppen - Pan Deksel Holding Handvat - Keuken Kookgerei Knop Handvat - Mat Zwart,"<p>Kwaliteitsmateriaal: de knoppen van het potdeksel zijn gemaakt van bakeliet, een gezond brand- en hittebestendig materiaal. De knop op het deksel is gemaakt van hittebestendig bakeliet en de schroef is gemaakt van roestvrij staal dat nooit zal roesten. Het hoogwaardige materiaal is duurzaam, wat de levensduur van het deksel van de pan aanzienlijk verbetert en de basis is sterk en stabiel.</p>
<p>Functie: onze panhandgreep is eenvoudig te installeren met een bevestigingsschroef voor eenvoudige bevestiging, gewoon de juiste knop, de rubberen afdichting en de metalen afdichting plaatsen en schroeven. Deze universele pannengreep is gemakkelijk met een vochtige doek te reinigen, onze dekselknop is vaatwasmachinebestendig en kan oude of kapotte wijzerplaten vervangen.</p>
<p>Eigenschappen: deze universele pannengreep met schroeven is een ergonomisch ontworpen knop, die een gladde en dikke rand heeft zonder bramen, en niet scherp is om je handen te snijden, comfortabel vast te pakken. Licht rond ontwerp van de knoppen op het deksel van de pan voor eenvoudig verplaatsen. Het elegante en eenvoudige ontwerp kan een effectieve functie naast je keuken bieden.</p>
<p>Gebruik: de knop van het pannendeksel is geschikt voor verschillende soorten pannendeksels, zoals: waterkokers, oliepannen, koekenpannen, pannendeksels, pannendeksels enz.</p>
<p>Het pakket bevat: je ontvangt een set van 4 zwarte potdekselknoppen, inclusief paddenstoelgreep × 4, schroef × 4, basis × 4, roestvrijstalen afstandhouder × 4, kunststof afstandhouder × 4. Afmetingen: 6 × 6 × 2,7 cm.</p>",11.99,120,https://publish-cos.mabangerp.com/product/publish/219988/20250428/screenshot_2025-04-28_14-50-22_ZSy7e1.png,Merkloos,9318528285900,3-5 werkdagen
A202500136B,3 Stuks Eierschaal Snijder - Ei Onthoofder - Eierschaal Spliters - Eierschaal Opener - Ei Onttopper - Eiersnijder - Keukengerei - Geen Vuile Handen - Eierschaalsnijder voor thuisgebruik in de keuken,"<p>Perfecte eierbreker: vergeet de stukjes schaaltjes op je borden. Met deze innovatieve eieropener hoef je alleen maar een zachte druk uit te oefenen om een schone en nauwkeurige opening in het midden van het ei te krijgen. Ideaal voor alle soorten recepten, van omeletten tot gebak, om ervoor te zorgen dat je bereiding snel en schoon is.</p>
<p>Hoogwaardig materiaal: gemaakt van duurzaam roestvrij staal, deze opener is ontworpen om de tand des tijds te weerstaan zonder zijn effectiviteit te verliezen. Het hoogwaardige materiaal zorgt ervoor dat je het continu kunt gebruiken zonder je zorgen te hoeven maken over slijtage. Het is een must voor elke keuken die kwaliteit en duurzaamheid zoekt.</p>
<p>Eenvoudig te gebruiken en plezier voor het hele gezin: dit artikel is niet alleen gemakkelijk te gebruiken, maar ook een leuke keuze om het met de kleintjes te delen. Ideaal voor gezinsgebruik, maakt het kinderen mogelijk om plezier te hebben terwijl ze in de keuken helpen. Gewoon het ei plaatsen, het deksel sluiten en aandrukken, zo eenvoudig is het</p>
<p>Snelle en moeiteloze reiniging: dankzij het compacte ontwerp is deze eieropener niet alleen eenvoudig te bedienen, maar ook gemakkelijk schoon te maken. Gewoon onder stromend water afspoelen of in de vaatwasser doen en het is klaar voor de volgende keer. Het compacte formaat vergemakkelijkt ook het opbergen in elke keukenlade.</p>
<p>Ergonomisch en compact ontwerp: dit product is ontworpen met oog op jouw comfort. De ergonomische vorm maakt een moeiteloze bediening mogelijk en het compacte formaat maakt het perfect voor elke keuken, groot of klein. Bovendien vergemakkelijkt de lichtheid het continu gebruik zonder vermoeidheid van de handen.</p>
<p>Veilig en handig in gebruik: deze eieropener is ontworpen voor een stevige grip en is veilig en gemakkelijk te hanteren. Je hoeft je bij het openen van de eieren geen zorgen te maken over ongelukken of rampen. Het innovatieve ontwerp voorkomt alle risico's en maakt het koken tot een veilige en aangename ervaring.</p>",10.99,120,https://m.media-amazon.com/images/I/61DEnurRcrL._AC_SL1500_.jpg,Merkloos,9318528285917,3-5 werkdagen
